Beat,Time,Line,Line with active holds,Limb annotation,Metadata,__time since prev downpress,__line repeats previous downpress line,__line repeats next downpress line,__time to next downpress,__num downpresses,__single hold ends immediately
5.4484,2.6842,`10002,`10002,lr,"{""ssc_file"": ""/home/maxwshen/PIU-Simfiles-rayden-61-122824/16 - PHOENIX/18238.7.1 - this game does not exist/this game does not exist.ssc"", ""pack"": ""PHOENIX"", ""VERSION"": ""0.81"", ""TITLE"": ""* this game does not exist *"", ""ARTIST"": ""litmus* x Ester"", ""GENRE"": ""WORLD MUSIC"", ""CREDIT"": ""DulKi"", ""BANNER"": ""this game does not exist_B.png"", ""BACKGROUND"": ""this game does not exist.png"", ""PREVIEWVID"": ""this game does not exist_P.mpg"", ""MUSIC"": ""this game does not exist.mp3"", ""OFFSET"": ""-0.040000"", ""SAMPLESTART"": ""94.208931"", ""SAMPLELENGTH"": ""10.000000"", ""SELECTABLE"": ""YES"", ""SONGTYPE"": ""ARCADE"", ""SONGCATEGORY"": ""WORLD MUSIC"", ""VOLUME"": ""100"", ""DISPLAYBPM"": ""40.000000:240.000000"", ""TIMESIGNATURES"": ""0.000000=4=4"", ""COMBOS"": ""0.000000=1"", ""LABELS"": ""0.000000=Song Start\n\n,1000.000000=SofiaXY"", ""FGCHANGES"": ""\n\n185.750=Flashsingles=1.000=0=0=1=====,\n\n185.750=Flashdoubles=1.000=0=0=1=====,"", ""LASTSECONDHINT"": ""123.648000"", ""STEPSTYPE"": ""pump-single"", ""DESCRIPTION"": ""S16"", ""DIFFICULTY"": ""Edit"", ""METER"": ""16"", ""CHARTSTYLE"": ""ACTIVE"", ""shortname"": ""*_this_game_does_not_exist_*_-_litmus*_x_Ester_S16_ARCADE"", ""Hold ticks"": [[2.6842, 2.8421, 1], [3.0, 3.1579, 2], [3.3158, 3.4737, 2], [3.6316, 3.7895, 2], [3.9474, 4.1053, 2], [4.2632, 4.4211, 2], [4.5789, 4.7368, 2], [4.8947, 5.0526, 2], [5.2105, 5.3684, 2], [5.5263, 5.6842, 2], [5.8421, 6.0, 2], [6.1579, 6.3158, 2], [6.4737, 6.6316, 2], [6.7895, 6.9474, 2], [7.1053, 7.2632, 2], [7.4211, 7.5789, 2], [12.1579, 12.7895, 2], [15.3158, 15.3158, 3], [17.8421, 17.8421, 3], [19.7368, 19.8421, 3], [20.0526, 20.1579, 3], [20.3684, 20.3684, 3], [22.2632, 22.5789, 1], [31.7368, 32.0526, 5], [33.0, 33.0789, 1], [35.5263, 35.6842, 3], [40.5789, 40.7368, 3], [42.0, 42.1579, 2], [42.1579, 42.3158, 3], [43.1053, 43.1842, 1], [45.6316, 45.7895, 3], [48.1579, 48.3158, 3], [49.4211, 49.5789, 3], [50.3684, 50.5263, 3], [50.6842, 50.8421, 3], [52.4211, 52.5789, 2], [52.5789, 52.7616, 5], [53.1536, 58.7786, 21], [59.5286, 59.5754, 2], [60.0911, 60.1379, 2], [60.6536, 60.7004, 2], [61.2161, 61.2629, 2], [61.7786, 61.8254, 2], [62.3411, 62.3879, 2], [62.7161, 62.7629, 2], [63.2786, 63.3254, 2], [63.6536, 64.8186, 29], [71.2143, 71.9969, 1], [72.2578, 73.0404, 7], [73.3013, 73.4317, 1], [73.6926, 73.823, 1], [74.0839, 74.2143, 1], [74.4752, 74.6056, 1], [75.3882, 75.5187, 1], [75.7795, 75.91, 1], [76.1708, 76.3013, 1], [76.5621, 76.6926, 1], [77.4752, 77.5404, 1], [77.7361, 77.8013, 1], [77.9969, 78.0621, 1], [78.2578, 78.323, 1], [78.7795, 78.8448, 1], [79.0404, 79.1056, 1], [79.3013, 79.3665, 1], [79.823, 79.8882, 1], [80.4752, 80.5404, 1], [81.1274, 81.1926, 1], [81.3882, 81.4534, 1], [81.6491, 81.7143, 1], [81.91, 81.9752, 1], [82.5621, 82.6274, 1], [82.9534, 83.0187, 1], [83.2143, 83.2795, 1], [83.4752, 83.5404, 1], [83.7361, 83.8013, 1], [83.9969, 84.0621, 1], [84.6491, 84.7143, 1], [85.3013, 85.4317, 3], [85.823, 85.8882, 1], [86.0839, 86.1491, 1], [86.3448, 86.41, 1], [86.6056, 86.6708, 1], [87.1274, 87.1926, 1], [87.3882, 87.4534, 1], [87.6491, 87.7143, 1], [88.1708, 88.2361, 1], [88.823, 88.8882, 1], [89.3448, 89.4752, 3], [89.9969, 90.0621, 1], [90.2578, 90.323, 1], [90.91, 91.0404, 2], [91.3013, 91.3665, 1], [91.5621, 91.6274, 1], [91.823, 91.8882, 1], [92.3448, 92.41, 1], [93.1274, 93.91, 13], [95.0839, 95.2143, 3], [97.1708, 97.3013, 3], [98.3448, 98.4752, 3], [99.2578, 99.3882, 3], [101.3448, 101.4752, 3], [102.2578, 102.3882, 3], [103.4317, 103.5621, 3], [105.3882, 105.4534, 2], [105.5187, 105.5839, 2], [106.1708, 106.3013, 4], [106.4317, 106.4969, 2], [106.5621, 106.6274, 2], [109.6926, 110.8176, 19], [111.8176, 111.9426, 3], [114.8176, 115.0676, 5], [115.8176, 115.9426, 3], [117.8176, 117.8801, 2], [117.9426, 118.0051, 2], [118.0676, 118.1301, 2], [118.1926, 118.2551, 2], [118.3176, 118.3801, 2], [118.4426, 118.5051, 2], [118.5676, 118.6301, 2], [118.6926, 118.8176, 2], [119.3176, 122.8176, 69]], ""Manual limb annotation"": false, ""sord_chartlevel"": ""S16"", ""eNPS annotations"": [[2.6842, ""3.2 nps\nQuarter notes\n190bpm""], [7.7368, ""3.2 nps\nQuarter notes\n190bpm""], [10.2632, ""6.3 nps\n8th notes\n190bpm""], [16.5789, ""6.3 nps\n8th notes\n190bpm""], [17.2105, ""9.5 nps\n16th notes\n142bpm""], [19.1053, ""6.3 nps\n8th notes\n190bpm""], [22.8947, ""3.2 nps\nQuarter notes\n190bpm""], [24.7895, ""6.3 nps\n8th notes\n190bpm""], [25.4211, ""3.2 nps\nQuarter notes\n190bpm""], [27.3158, ""6.3 nps\n8th notes\n190bpm""], [30.4737, ""3.2 nps\nQuarter notes\n190bpm""], [33.3158, ""6.3 nps\n8th notes\n190bpm""], [38.3684, ""6.3 nps\n8th notes\n190bpm""], [42.1579, ""3.2 nps\nQuarter notes\n190bpm""], [43.4211, ""6.3 nps\n8th notes\n190bpm""], [49.7368, ""6.3 nps\n8th notes\n190bpm""], [59.5286, ""1.8 nps\nQuarter notes\n107bpm""], [69.1274, ""3.8 nps\n8th notes\n115bpm""], [70.1708, ""7.7 nps\n12th notes\n153bpm""], [76.6926, ""3.8 nps\n8th notes\n115bpm""], [82.9534, ""3.8 nps\n8th notes\n115bpm""], [90.5187, ""7.7 nps\n12th notes\n153bpm""], [91.0404, ""3.8 nps\n8th notes\n115bpm""], [92.6056, ""7.7 nps\n12th notes\n153bpm""], [97.6926, ""7.7 nps\n12th notes\n153bpm""], [102.7795, ""7.7 nps\n12th notes\n153bpm""], [107.8665, ""7.7 nps\n12th notes\n153bpm""], [112.9426, ""8.0 nps\n12th notes\n160bpm""]], ""Segments"": [[2.684210789473685, 22.894738005263186, 0, 96], [22.894738005263186, 33.47368537368424, 96, 139], [33.47368537368424, 53.15355339975032, 139, 257], [53.15355339975032, 70.30127204060004, 257, 282], [70.30127204060004, 94.30127204059946, 282, 422], [94.30127204059946, 113.0675763884259, 422, 560], [113.0675763884259, 122.81757653842593, 560, 611]], ""Segment metadata"": [{""eNPS"": 3.7, ""level"": 9.97, ""rare skills"": [], ""Closest sections"": [], ""Skill badges"": [""jack"", ""twist_90"", ""run""]}, {""eNPS"": 4.0, ""level"": 7.71, ""rare skills"": [], ""Closest sections"": [], ""Skill badges"": [""jump"", ""doublestep""]}, {""eNPS"": 5.5, ""level"": 12.01, ""rare skills"": [], ""Closest sections"": [[""I_Want_U_-_MAX_S12_ARCADE"", 5], [""Moonlight_-_BanYa_S11_ARCADE"", 4], [""Doppelganger_-_MonstDeath_S16_ARCADE"", 1], [""HUSH_-_FULL_SONG_-_-_Yassi_Pressman__Nadine_Lustre_S15_FULLSONG"", 4], [""Tantanmen_-_Memme_S14_ARCADE"", 1]], ""Skill badges"": [""run"", ""twist_90"", ""twist_close""]}, {""eNPS"": 0.9, ""level"": 3.93, ""rare skills"": [], ""Closest sections"": [], ""Skill badges"": [""jack"", ""doublestep"", ""jump""]}, {""eNPS"": 4.2, ""level"": 10.83, ""rare skills"": [], ""Closest sections"": [], ""Skill badges"": [""jump"", ""doublestep""]}, {""eNPS"": 6.7, ""level"": 16.09, ""rare skills"": [], ""Closest sections"": [[""Discord_-_QWER_S16_ARCADE"", 6], [""Dignity_-_Crash_S15_ARCADE"", 6], [""Fire_Noodle_Challenge_-_Memme_S15_REMIX"", 8], [""Keep_On!_-_AmamoriP_S13_ARCADE"", 5], [""Dement_After_Legend_-_Lunatic_Sounds_S15_ARCADE"", 4]], ""Skill badges"": [""5-stair"", ""twist_90"", ""twist_close""]}, {""eNPS"": 4.0, ""level"": 14.61, ""rare skills"": [], ""Closest sections"": [[""Slapstick_Parfait_-_t+pazolite_S16_ARCADE"", 1], [""V3_-_BeautifulDay_S14_ARCADE"", 2], [""Sugar_Plum_-_Mr._Weq_S15_ARCADE"", 2], [""Forgotten_Vampire_-_WyvernP_S16_ARCADE"", 1], [""Appassionata_-_Cashew_x_D_AAN_x_Jehezukiel_S16_ARCADE"", 3]], ""Skill badges"": [""jack"", ""5-stair"", ""twist_close""]}], ""eNPS timeline data"": [0.0, 0.0, 0.33, 3.17, 3.17, 3.17, 3.17, 3.17, 3.17, 3.17, 5.28, 6.33, 3.17, 0.0, 2.92, 3.0, 1.9, 8.44, 0.0, 3.28, 4.0, 1.9, 3.17, 3.17, 3.62, 5.07, 3.17, 4.75, 4.22, 5.28, 4.22, 3.17, 2.11, 4.75, 6.33, 5.28, 6.33, 6.33, 5.28, 6.33, 4.0, 4.75, 4.22, 4.52, 6.33, 5.43, 6.33, 6.33, 5.43, 5.28, 5.07, 4.75, 4.0, 1.0, 0.0, 0.0, 0.0, 0.0, 0.0, 0.16, 1.78, 1.78, 2.13, 2.13, 0.0, 0.0, 0.0, 0.0, 0.0, 0.64, 6.71, 2.0, 0.96, 2.56, 4.79, 4.79, 4.79, 3.83, 3.83, 3.83, 4.79, 3.83, 3.83, 3.83, 4.38, 4.38, 3.83, 3.83, 4.38, 5.96, 5.48, 4.38, 5.11, 1.0, 3.83, 6.71, 7.67, 6.71, 6.71, 6.57, 7.67, 6.71, 6.57, 6.71, 6.71, 9.86, 7.67, 7.67, 7.67, 7.67, 0.0, 2.35, 5.33, 8.0, 8.0, 5.0, 5.33, 8.0, 4.57, 1.0, 0.0, 0.0, 0.0, 0.0], ""eNPS ranges of interest"": [[10, 13], [25, 32], [33, 53], [74, 78], [84, 87], [88, 93], [95, 110], [112, 119]], ""Similar charts"": {""14"": [""Elysium_-_Warak_S14_ARCADE"", ""Karyawisata_-_Vesuvia_x_Redshift_S14_ARCADE"", ""Nostalgia_-_Woody_S14_ARCADE""], ""15"": [""Chase_Me_-_Dreamcatcher_S15_ARCADE"", ""TRICKL4SH_220_-_Lite_Show_Magic_S15_ARCADE"", ""Mad5cience_-_Paul_Bazooka_S15_ARCADE""], ""16"": [""Twist_of_Fate_(feat._Ruriling)_-_Jehezukiel_S16_ARCADE"", ""Yo!_Say!!_Fairy!!!_-_MYUKKE._S16_ARCADE"", ""Discord_-_QWER_S16_ARCADE""], ""17"": [""MEGAHEARTZ_-_DJ_Noriken_S17_ARCADE"", ""STEP_-_SID-SOUND_S17_ARCADE"", ""Blazing_-_BanYa_S17_ARCADE""], ""18"": [""Allegro_Con_Fuoco_-_FULL_SONG_-_-_DM_Ashura_S18_FULLSONG"", ""Soldiers_(TANO*C_W_TEAM_RED_ANTHEM)_-_DJ_Noriken_S18_ARCADE"", ""HELIX_-_ESTi_S18_ARCADE""]}, ""chart_skill_summary"": [""5-stair"", ""jump"", ""doublestep""], ""nps_summary"": 7.7, ""notetype_bpm_summary"": ""16th notes @ 115 bpm""}",-1.0,False,False,0.31579999999999986,2,False
5.7642,2.8421,`00003,`00003,r,,0.1578999999999997,False,False,0.15790000000000015,0,False
6.08,3.0,`00200,`00200,l,,0.31579999999999986,False,False,0.31579999999999986,1,True
6.3958,3.1579,`00300,`00300,l,,0.15790000000000015,False,False,0.1578999999999997,0,False
6.7116,3.3158,`00002,`00002,r,,0.31579999999999986,False,False,0.3158000000000003,1,True
7.0274,3.4737,`00003,`00003,r,,0.15790000000000015,False,False,0.15790000000000015,0,False
7.3432,3.6316,`02000,`02000,l,,0.3158000000000003,False,False,0.31579999999999986,1,True
7.659,3.7895,`03000,`03000,l,,0.1578999999999997,False,False,0.15790000000000015,0,False
7.9748,3.9474,`00002,`00002,r,,0.31579999999999986,False,False,0.3158000000000003,1,True
8.2906,4.1053,`00003,`00003,r,,0.1578999999999997,False,False,0.1579000000000006,0,False
8.6064,4.2632,`00020,`00020,l,,0.3158000000000003,False,False,0.31569999999999965,1,True
8.9222,4.4211,`00030,`00030,l,,0.1578999999999997,False,False,0.15779999999999994,0,False
9.2378,4.5789,`00002,`00002,r,,0.31569999999999965,False,False,0.3158000000000003,1,True
9.5536,4.7368,`00003,`00003,r,,0.1578999999999997,False,False,0.1579000000000006,0,False
9.8694,4.8947,`00200,`00200,l,,0.3158000000000003,False,False,0.3157999999999994,1,True
10.1852,5.0526,`00300,`00300,l,,0.1578999999999997,False,False,0.1578999999999997,0,False
10.501,5.2105,`00020,`00020,r,,0.3157999999999994,False,False,0.3158000000000003,1,True
10.8168,5.3684,`00030,`00030,r,,0.1579000000000006,False,False,0.1578999999999997,0,False
11.1326,5.5263,`20000,`20000,l,,0.3158000000000003,False,False,0.3158000000000003,1,True
11.4484,5.6842,`30000,`30000,l,,0.1578999999999997,False,False,0.1579000000000006,0,False
11.7642,5.8421,`00020,`00020,r,,0.3158000000000003,False,False,0.3157999999999994,1,True
12.08,6.0,`00030,`00030,r,,0.1578999999999997,False,False,0.1578999999999997,0,False
12.3958,6.1579,`00200,`00200,l,,0.3157999999999994,False,False,0.3158000000000003,1,True
12.7116,6.3158,`00300,`00300,l,,0.1579000000000006,False,False,0.1578999999999997,0,False
13.0274,6.4737,`00020,`00020,r,,0.3158000000000003,False,False,0.3158000000000003,1,True
13.3432,6.6316,`00030,`00030,r,,0.1578999999999997,False,False,0.1579000000000006,0,False
13.659,6.7895,`00002,`00002,l,,0.3158000000000003,False,False,0.3157999999999994,1,True
13.9748,6.9474,`00003,`00003,l,,0.1578999999999997,False,False,0.1578999999999997,0,False
14.2906,7.1053,`00020,`00020,r,,0.3157999999999994,False,False,0.3158000000000003,1,True
14.6064,7.2632,`00030,`00030,r,,0.1579000000000006,False,False,0.1578999999999997,0,False
14.9222,7.4211,`02000,`02000,l,,0.3158000000000003,False,False,0.31569999999999965,1,True
15.2378,7.5789,`03000,`03000,l,,0.15779999999999994,False,False,0.1578999999999997,0,False
15.5536,7.7368,`00100,`00100,r,,0.31569999999999965,False,True,0.3158000000000003,1,False
16.1852,8.0526,`00100,`00100,r,,0.3158000000000003,True,False,0.3157999999999994,1,False
16.816799999999997,8.3684,`10000,`10000,l,,0.3157999999999994,False,True,0.3158000000000012,1,False
17.4484,8.6842,`10000,`10000,l,,0.3158000000000012,True,False,0.3157999999999994,1,False
18.08,9.0,`00001,`00001,r,,0.3157999999999994,False,True,0.3157999999999994,1,False
18.711599999999997,9.3158,`00001,`00001,r,,0.3157999999999994,True,False,0.3158000000000012,1,False
19.3432,9.6316,`00100,`00100,l,,0.3158000000000012,False,True,0.3157999999999994,1,False
19.9748,9.9474,`00100,`00100,l,,0.3157999999999994,True,False,0.3157999999999994,1,False
20.606399999999997,10.2632,`00010,`00010,r,,0.3157999999999994,False,False,0.1578999999999997,1,False
20.922199999999997,10.4211,`01000,`01000,l,,0.1578999999999997,False,False,0.15780000000000172,1,False
21.2378,10.5789,`00010,`00010,r,,0.15780000000000172,False,False,0.1578999999999997,1,False
21.5536,10.7368,`01000,`01000,l,,0.1578999999999997,False,False,0.1578999999999997,1,False
21.8694,10.8947,`00001,`00001,r,,0.1578999999999997,False,False,0.1578999999999997,1,False
22.1852,11.0526,`10000,`10000,l,,0.1578999999999997,False,False,0.1578999999999997,1,False
22.501,11.2105,`00001,`00001,r,,0.1578999999999997,False,False,0.1578999999999997,1,False
22.816799999999997,11.3684,`10000,`10000,l,,0.1578999999999997,False,False,0.15790000000000148,1,False
23.1326,11.5263,`00100,`00100,r,,0.15790000000000148,False,False,0.1578999999999997,1,False
23.4484,11.6842,`01000,`01000,l,,0.1578999999999997,False,False,0.1578999999999997,1,False
23.7642,11.8421,`00010,`00010,r,,0.1578999999999997,False,False,0.1578999999999997,1,False
24.08,12.0,`00100,`00100,l,,0.1578999999999997,False,False,0.1578999999999997,1,False
24.3958,12.1579,`00002,`00002,r,,0.1578999999999997,False,False,0.6316000000000006,1,False
25.659,12.7895,`10003,`10003,lr,,0.6316000000000006,False,False,1.2630999999999997,1,False
28.1852,14.0526,`00010,`00010,r,,1.2630999999999997,False,False,0.1578999999999997,1,False
28.501,14.2105,`01000,`01000,l,,0.1578999999999997,False,False,0.1578999999999997,1,False
28.816799999999997,14.3684,`00001,`00001,r,,0.1578999999999997,False,False,0.15790000000000148,1,False
29.1326,14.5263,`10000,`10000,l,,0.15790000000000148,False,False,0.1578999999999997,1,False
29.4484,14.6842,`00010,`00010,r,,0.1578999999999997,False,False,0.1578999999999997,1,False
29.7642,14.8421,`01000,`01000,l,,0.1578999999999997,False,False,0.1578999999999997,1,False
30.08,15.0,`00001,`00001,r,,0.1578999999999997,False,False,0.1578999999999997,1,False
30.3958,15.1579,`10000,`10000,l,,0.1578999999999997,False,False,0.1578999999999997,1,False
30.711599999999997,15.3158,`00200,`00200,r,,0.1578999999999997,False,False,1.2631000000000014,1,False
33.2378,16.5789,`10000,`10000,l,,1.2631000000000014,False,False,0.15789999999999793,1,False
33.553599999999996,16.7368,`00001,`00001,r,,0.15789999999999793,False,False,0.15790000000000148,1,False
33.8694,16.8947,`01000,`01000,l,,0.15790000000000148,False,False,0.15790000000000148,1,False
34.1852,17.0526,`00010,`00010,r,,0.15790000000000148,False,False,0.15789999999999793,1,False
34.501,17.2105,`10000,`10000,l,,0.15789999999999793,False,False,0.10529999999999973,1,False
34.7116,17.3158,`00100,`00100,r,,0.10529999999999973,False,False,0.10529999999999973,1,False
34.9222,17.4211,`10000,`10000,l,,0.10529999999999973,False,False,0.10519999999999996,1,False
35.1326,17.5263,`00001,`00001,r,,0.10519999999999996,False,False,0.10529999999999973,1,False
35.343199999999996,17.6316,`00100,`00100,l,,0.10529999999999973,False,False,0.10519999999999996,1,False
35.553599999999996,17.7368,`00001,`00001,r,,0.10519999999999996,False,False,0.10529999999999973,1,False
35.764199999999995,17.8421,`20002,`20002,lr,,0.10529999999999973,False,False,1.2632000000000012,2,False
38.2906,19.1053,`10000,`10000,l,,1.2632000000000012,False,False,0.15790000000000148,1,False
38.6064,19.2632,`00010,`00010,r,,0.15790000000000148,False,False,0.15789999999999793,1,False
38.9222,19.4211,`01000,`01000,l,,0.15789999999999793,False,False,0.15780000000000172,1,False
39.2378,19.5789,`00001,`00001,r,,0.15780000000000172,False,False,0.15789999999999793,1,False
39.5536,19.7368,`00200,`00200,l,,0.15789999999999793,False,False,0.15790000000000148,1,True
39.764199999999995,19.8421,`00300,`00300,l,,0.10529999999999973,False,False,0.052600000000001756,0,False
39.8694,19.8947,`00010,`00010,r,,0.15790000000000148,False,False,0.07900000000000063,1,False
40.0274,19.9737,`01000,`01000,l,,0.07900000000000063,False,False,0.07890000000000086,1,False
40.1852,20.0526,`00200,`00200,r,,0.07890000000000086,False,False,0.15789999999999793,1,True
40.3958,20.1579,`00300,`00300,r,,0.10529999999999973,False,False,0.052599999999998204,0,False
40.501,20.2105,`10000,`10000,l,,0.15789999999999793,False,False,0.07900000000000063,1,False
40.659,20.2895,`00001,`00001,r,,0.07900000000000063,False,False,0.07890000000000086,1,False
40.8168,20.3684,`00200,`00200,l,,0.07890000000000086,False,False,1.2631999999999977,1,False
43.3432,21.6316,`00001,`00001,r,,1.2631999999999977,False,False,0.15790000000000148,1,False
43.659,21.7895,`01000,`01000,l,,0.15790000000000148,False,False,0.15789999999999793,1,False
43.974799999999995,21.9474,`00010,`00010,r,,0.15789999999999793,False,False,0.15790000000000148,1,False
44.2906,22.1053,`10000,`10000,l,,0.15790000000000148,False,False,0.15790000000000148,1,False
44.6064,22.2632,`00200,`00200,r,,0.15790000000000148,False,False,0.6314999999999991,1,True
45.2378,22.5789,`00300,`00300,r,,0.31569999999999965,False,False,0.3157999999999994,0,False
45.8694,22.8947,`10000,`10000,l,,0.6314999999999991,False,False,0.3157999999999994,1,False
46.501,23.2105,`10100,`10100,lr,,0.3157999999999994,False,False,0.3157999999999994,2,False
47.1326,23.5263,`00010,`00010,r,,0.3157999999999994,False,False,0.3157999999999994,1,False
47.764199999999995,23.8421,`00110,`00110,lr,,0.3157999999999994,False,False,0.31580000000000297,2,False
48.3958,24.1579,`01000,`01000,l,,0.31580000000000297,False,False,0.3157999999999994,1,False
49.0274,24.4737,`01100,`01100,lr,,0.3157999999999994,False,False,0.3157999999999994,2,False
49.659,24.7895,`00100,`00100,r,,0.3157999999999994,False,False,0.15789999999999793,1,False
49.974799999999995,24.9474,`01000,`01000,l,,0.15789999999999793,False,False,0.15790000000000148,1,False
50.2906,25.1053,`00010,`00010,r,,0.15790000000000148,False,False,0.15790000000000148,1,False
50.6064,25.2632,`00100,`00100,l,,0.15790000000000148,False,False,0.15789999999999793,1,False
50.9222,25.4211,`00001,`00001,r,,0.15789999999999793,False,False,0.31569999999999965,1,False
51.5536,25.7368,`00101,`00101,lr,,0.31569999999999965,False,False,0.31580000000000297,2,False
52.1852,26.0526,`01000,`01000,l,,0.31580000000000297,False,False,0.3157999999999994,1,False
52.8168,26.3684,`01100,`01100,lr,,0.3157999999999994,False,False,0.3157999999999994,2,False
53.4484,26.6842,`00010,`00010,r,,0.3157999999999994,False,False,0.3157999999999994,1,False
54.08,27.0,`00110,`00110,lr,,0.3157999999999994,False,False,0.3157999999999994,2,False
54.7116,27.3158,`00100,`00100,l,,0.3157999999999994,False,False,0.15790000000000148,1,False
55.0274,27.4737,`00010,`00010,r,,0.15790000000000148,False,False,0.15789999999999793,1,False
55.3432,27.6316,`01000,`01000,l,,0.15789999999999793,False,False,0.15790000000000148,1,False
55.659,27.7895,`00100,`00100,r,,0.15790000000000148,False,False,0.15789999999999793,1,False
55.974799999999995,27.9474,`10100,`10100,lr,,0.15789999999999793,False,False,0.31580000000000297,2,False
56.6064,28.2632,`00010,`00010,r,,0.31580000000000297,False,False,0.15789999999999793,1,False
56.9222,28.4211,`00100,`00100,l,,0.15789999999999793,False,False,0.15780000000000172,1,False
57.2378,28.5789,`00110,`00110,lr,,0.15780000000000172,False,False,0.3157999999999994,2,False
57.8694,28.8947,`01000,`01000,l,,0.3157999999999994,False,False,0.15790000000000148,1,False
58.1852,29.0526,`00100,`00100,r,,0.15790000000000148,False,False,0.15789999999999793,1,False
58.501,29.2105,`01100,`01100,lr,,0.15789999999999793,False,False,0.3157999999999994,2,False
59.1326,29.5263,`00001,`00001,r,,0.3157999999999994,False,False,0.15790000000000148,1,False
59.4484,29.6842,`00100,`00100,l,,0.15790000000000148,False,False,0.15789999999999793,1,False
59.764199999999995,29.8421,`00101,`00101,lr,,0.15789999999999793,False,False,0.31580000000000297,2,False
60.3958,30.1579,`10000,`10000,l,,0.31580000000000297,False,False,0.15789999999999793,1,False
60.7116,30.3158,`00100,`00100,r,,0.15789999999999793,False,False,0.15790000000000148,1,False
61.0274,30.4737,`01100,`01100,lr,,0.15790000000000148,False,False,0.3157999999999994,2,False
61.659,30.7895,`00110,`00110,lr,,0.3157999999999994,False,False,0.3157999999999994,2,False
62.2906,31.1053,`10100,`10100,lr,,0.3157999999999994,False,False,0.3157999999999994,2,False
62.9222,31.4211,`00101,`00101,lr,,0.3157999999999994,False,False,0.31569999999999965,2,False
63.5536,31.7368,`20002,`20002,lr,,0.31569999999999965,False,False,0.6316000000000024,2,False
64.1852,32.0526,`30003,`30003,lr,,0.3157999999999994,False,False,0.31580000000000297,0,False
64.8168,32.3684,`10010,`10010,lr,,0.6316000000000024,False,False,0.31579999999999586,2,False
65.44839999999999,32.6842,`01001,`01001,lr,,0.31579999999999586,False,False,0.31580000000000297,2,False
66.08,33.0,`01020,`01020,lr,,0.31580000000000297,False,False,0.31580000000000297,2,False
66.2378,33.0789,`00030,`00030,r,,0.0788999999999973,False,False,0.23690000000000566,0,False
66.7116,33.3158,`10000,`10000,l,,0.31580000000000297,False,False,0.15789999999999793,1,False
67.0274,33.4737,`00100,`00100,r,,0.15789999999999793,False,False,0.15789999999999793,1,False
67.3432,33.6316,`01000,`01000,l,,0.15789999999999793,False,False,0.15789999999999793,1,False
67.65899999999999,33.7895,`00010,`00010,r,,0.15789999999999793,False,False,0.15790000000000504,1,False
67.9748,33.9474,`00100,`00100,l,,0.15790000000000504,False,False,0.15789999999999793,1,False
68.2906,34.1053,`00001,`00001,r,,0.15789999999999793,False,False,0.15789999999999793,1,False
68.6064,34.2632,`00010,`00010,l,,0.15789999999999793,False,False,0.15790000000000504,1,False
68.9222,34.4211,`00001,`00001,r,,0.15790000000000504,False,False,0.1577999999999946,1,False
69.2378,34.5789,`00100,`00100,l,,0.1577999999999946,False,False,0.15790000000000504,1,False
69.5536,34.7368,`00010,`00010,r,,0.15790000000000504,False,False,0.15789999999999793,1,False
69.8694,34.8947,`01000,`01000,l,,0.15789999999999793,False,False,0.15789999999999793,1,False
70.1852,35.0526,`00100,`00100,r,,0.15789999999999793,False,False,0.15790000000000504,1,False
70.501,35.2105,`10000,`10000,l,,0.15790000000000504,False,False,0.15789999999999793,1,False
70.8168,35.3684,`00001,`00001,r,,0.15789999999999793,False,False,0.15789999999999793,1,False
71.1326,35.5263,`00200,`00200,l,,0.15789999999999793,False,False,0.31580000000000297,1,True
71.44839999999999,35.6842,`00300,`00300,l,,0.15789999999999793,False,False,0.15790000000000504,0,False
71.7642,35.8421,`00010,`00010,r,,0.31580000000000297,False,False,0.15789999999999793,1,False
72.08,36.0,`01000,`01000,l,,0.15789999999999793,False,False,0.15789999999999793,1,False
72.3958,36.1579,`00100,`00100,r,,0.15789999999999793,False,False,0.15790000000000504,1,False
72.7116,36.3158,`10000,`10000,l,,0.15790000000000504,False,False,0.15789999999999793,1,False
73.0274,36.4737,`01000,`01000,r,,0.15789999999999793,False,False,0.15789999999999793,1,False
73.3432,36.6316,`10000,`10000,l,,0.15789999999999793,False,False,0.15789999999999793,1,False
73.65899999999999,36.7895,`00100,`00100,r,,0.15789999999999793,False,False,0.15790000000000504,1,False
73.9748,36.9474,`01000,`01000,l,,0.15790000000000504,False,False,0.15789999999999793,1,False
74.2906,37.1053,`00010,`00010,r,,0.15789999999999793,False,False,0.15789999999999793,1,False
74.6064,37.2632,`00100,`00100,l,,0.15789999999999793,False,False,0.15790000000000504,1,False
74.9222,37.4211,`00001,`00001,r,,0.15790000000000504,False,False,0.1577999999999946,1,False
75.2378,37.5789,`01000,`01000,l,,0.1577999999999946,False,False,0.15790000000000504,1,False
75.5536,37.7368,`00010,`00010,r,,0.15790000000000504,False,False,0.15789999999999793,1,False
75.8694,37.8947,`10000,`10000,l,,0.15789999999999793,False,False,0.15789999999999793,1,False
76.1852,38.0526,`10001,`10001,lr,,0.15789999999999793,False,False,0.31580000000000297,2,False
76.8168,38.3684,`00010,`00010,r,,0.31580000000000297,False,False,0.15789999999999793,1,False
77.1326,38.5263,`01000,`01000,l,,0.15789999999999793,False,False,0.15789999999999793,1,False
77.44839999999999,38.6842,`00001,`00001,r,,0.15789999999999793,False,False,0.15790000000000504,1,False
77.7642,38.8421,`00010,`00010,l,,0.15790000000000504,False,False,0.15789999999999793,1,False
78.08,39.0,`00100,`00100,r,,0.15789999999999793,False,False,0.15789999999999793,1,False
78.3958,39.1579,`01000,`01000,l,,0.15789999999999793,False,False,0.15790000000000504,1,False
78.7116,39.3158,`00010,`00010,r,,0.15790000000000504,False,False,0.15789999999999793,1,False
79.0274,39.4737,`00100,`00100,l,,0.15789999999999793,False,False,0.15789999999999793,1,False
79.3432,39.6316,`01000,`01000,r,,0.15789999999999793,False,False,0.15789999999999793,1,False
79.65899999999999,39.7895,`10000,`10000,l,,0.15789999999999793,False,False,0.15790000000000504,1,False
79.9748,39.9474,`00001,`00001,r,,0.15790000000000504,False,False,0.15789999999999793,1,False
80.2906,40.1053,`00010,`00010,l,,0.15789999999999793,False,False,0.15789999999999793,1,False
80.6064,40.2632,`00100,`00100,r,,0.15789999999999793,False,False,0.15790000000000504,1,False
80.9222,40.4211,`01000,`01000,l,,0.15790000000000504,False,False,0.1577999999999946,1,False
81.2378,40.5789,`00020,`00020,r,,0.1577999999999946,False,False,0.4737000000000009,1,True
81.5536,40.7368,`00030,`00030,r,,0.15790000000000504,False,False,0.31579999999999586,0,False
82.1852,41.0526,`10000,`10000,l,,0.4737000000000009,False,False,0.15790000000000504,1,False
82.501,41.2105,`00100,`00100,r,,0.15790000000000504,False,False,0.15789999999999793,1,False
82.8168,41.3684,`10000,`10000,l,,0.15789999999999793,False,False,0.15789999999999793,1,False
83.1326,41.5263,`00001,`00001,r,,0.15789999999999793,False,False,0.15789999999999793,1,False
83.44839999999999,41.6842,`00100,`00100,l,,0.15789999999999793,False,False,0.15790000000000504,1,False
83.7642,41.8421,`00001,`00001,r,,0.15790000000000504,False,False,0.15789999999999793,1,False
84.08,42.0,`02000,`02000,l,,0.15789999999999793,False,False,0.15789999999999793,1,False
84.3958,42.1579,`00020,`04020,lr,,0.15789999999999793,False,False,0.31580000000000297,1,False
84.7116,42.3158,`03030,`03030,lr,,0.15790000000000504,False,False,0.15789999999999793,0,False
85.0274,42.4737,`10010,`10010,lr,,0.31580000000000297,False,False,0.31579999999999586,2,False
85.65899999999999,42.7895,`01001,`01001,lr,,0.31579999999999586,False,False,0.31580000000000297,2,False
86.2906,43.1053,`02010,`02010,lr,,0.31580000000000297,False,False,0.31580000000000297,2,False
86.44839999999999,43.1842,`03000,`03000,l,,0.0788999999999973,False,False,0.23690000000000566,0,False
86.9222,43.4211,`00001,`00001,r,,0.31580000000000297,False,False,0.1577999999999946,1,False
87.2378,43.5789,`10000,`10000,l,,0.1577999999999946,False,False,0.15790000000000504,1,False
87.5536,43.7368,`01000,`01000,r,,0.15790000000000504,False,False,0.15789999999999793,1,False
87.8694,43.8947,`00100,`00100,l,,0.15789999999999793,False,False,0.15789999999999793,1,False
88.1852,44.0526,`00010,`00010,r,,0.15789999999999793,False,False,0.15790000000000504,1,False
88.501,44.2105,`01000,`01000,l,,0.15790000000000504,False,False,0.15789999999999793,1,False
88.8168,44.3684,`00001,`00001,r,,0.15789999999999793,False,False,0.15789999999999793,1,False
89.1326,44.5263,`00010,`00010,l,,0.15789999999999793,False,False,0.15789999999999793,1,False
89.44839999999999,44.6842,`00100,`00100,r,,0.15789999999999793,False,False,0.15790000000000504,1,False
89.7642,44.8421,`01000,`01000,l,,0.15790000000000504,False,False,0.15789999999999793,1,False
90.08,45.0,`00010,`00010,r,,0.15789999999999793,False,False,0.15789999999999793,1,False
90.3958,45.1579,`00100,`00100,l,,0.15789999999999793,False,False,0.15790000000000504,1,False
90.7116,45.3158,`00001,`00001,r,,0.15790000000000504,False,False,0.15789999999999793,1,False
91.0274,45.4737,`10000,`10000,l,,0.15789999999999793,False,False,0.15789999999999793,1,False
91.3432,45.6316,`00200,`00200,r,,0.15789999999999793,False,False,0.31580000000000297,1,True
91.659,45.7895,`00300,`00300,r,,0.15789999999999793,False,False,0.15790000000000504,0,False
91.9748,45.9474,`01000,`01000,l,,0.31580000000000297,False,False,0.15789999999999793,1,False
92.2906,46.1053,`10000,`10000,r,,0.15789999999999793,False,False,0.15789999999999793,1,False
92.6064,46.2632,`00100,`00100,l,,0.15789999999999793,False,False,0.15790000000000504,1,False
92.9222,46.4211,`00001,`00001,r,,0.15790000000000504,False,False,0.1577999999999946,1,False
93.2378,46.5789,`01000,`01000,l,,0.1577999999999946,False,False,0.15790000000000504,1,False
93.5536,46.7368,`00010,`00010,r,,0.15790000000000504,False,False,0.15789999999999793,1,False
93.8694,46.8947,`00001,`00001,l,,0.15789999999999793,False,False,0.15789999999999793,1,False
94.1852,47.0526,`00100,`00100,r,,0.15789999999999793,False,False,0.15790000000000504,1,False
94.501,47.2105,`10000,`10000,l,,0.15790000000000504,False,False,0.15789999999999793,1,False
94.8168,47.3684,`00010,`00010,r,,0.15789999999999793,False,False,0.15789999999999793,1,False
95.1326,47.5263,`01000,`01000,l,,0.15789999999999793,False,False,0.15789999999999793,1,False
95.4484,47.6842,`00010,`00010,r,,0.15789999999999793,False,False,0.15790000000000504,1,False
95.7642,47.8421,`10000,`10000,l,,0.15790000000000504,False,False,0.15789999999999793,1,False
96.08,48.0,`00001,`00001,r,,0.15789999999999793,False,False,0.15789999999999793,1,False
96.3958,48.1579,`20002,`20002,lr,,0.15789999999999793,False,False,0.31580000000000297,2,False
96.7116,48.3158,`30003,`30003,lr,,0.15790000000000504,False,False,0.15789999999999793,0,False
97.0274,48.4737,`00100,`00100,l,,0.31580000000000297,False,True,0.23680000000000234,1,False
97.501,48.7105,`00100,`00100,l,,0.23680000000000234,True,False,0.15789999999999793,1,False
97.8168,48.8684,`00010,`00010,r,,0.15789999999999793,False,False,0.07900000000000063,1,False
97.9748,48.9474,`01000,`01000,l,,0.07900000000000063,False,False,0.15789999999999793,1,False
98.2906,49.1053,`00100,`00100,r,,0.15789999999999793,False,True,0.15789999999999793,1,False
98.6064,49.2632,`00100,`00100,r,,0.15789999999999793,True,False,0.15790000000000504,1,False
98.9222,49.4211,`20002,`20002,lr,,0.15790000000000504,False,False,0.31569999999999965,2,False
99.2378,49.5789,`30003,`30003,lr,,0.1577999999999946,False,False,0.15790000000000504,0,False
99.5536,49.7368,`10000,`10000,l,,0.31569999999999965,False,False,0.15789999999999793,1,False
99.8694,49.8947,`00001,`00001,r,,0.15789999999999793,False,False,0.15789999999999793,1,False
100.1852,50.0526,`01000,`01000,l,,0.15789999999999793,False,False,0.15790000000000504,1,False
100.501,50.2105,`00010,`00010,r,,0.15790000000000504,False,False,0.15789999999999793,1,False
100.8168,50.3684,`02020,`02020,lr,,0.15789999999999793,False,False,0.31579999999999586,2,False
101.1326,50.5263,`03030,`03030,lr,,0.15789999999999793,False,False,0.15789999999999793,0,False
101.4484,50.6842,`00200,`00200,r,,0.31579999999999586,False,False,0.4737000000000009,1,True
101.7642,50.8421,`00300,`00300,r,,0.15790000000000504,False,False,0.31579999999999586,0,False
102.3958,51.1579,`10000,`10000,l,,0.4737000000000009,False,False,0.15790000000000504,1,False
102.7116,51.3158,`00001,`00001,r,,0.15790000000000504,False,False,0.15789999999999793,1,False
103.0274,51.4737,`00100,`00100,l,,0.15789999999999793,False,False,0.15789999999999793,1,False
103.3432,51.6316,`00010,`00010,r,,0.15789999999999793,False,False,0.15789999999999793,1,False
103.659,51.7895,`01000,`01000,l,,0.15789999999999793,False,False,0.15790000000000504,1,False
103.9748,51.9474,`00001,`00001,r,,0.15790000000000504,False,False,0.15789999999999793,1,False
104.2906,52.1053,`00010,`00010,l,,0.15789999999999793,False,False,0.15789999999999793,1,False
104.6064,52.2632,`00100,`00100,r,,0.15789999999999793,False,False,0.15790000000000504,1,False
104.9222,52.4211,`02000,`02000,l,,0.15790000000000504,False,False,0.1577999999999946,1,False
105.2378,52.5789,`00020,`04020,lr,,0.1577999999999946,False,False,0.5747,1,False
105.6032,52.7616,`03030,`03030,lr,,0.18270000000000408,False,False,0.3919999999999959,0,False
106.3872,53.1536,`20002,`20002,lr,,0.5747,False,False,6.375,2,False
117.6372,58.7786,`30003,`30003,lr,,5.625,False,False,0.75,0,False
119.1372,59.5286,`20000,`20000,l,,6.375,False,False,0.5625,1,True
119.2308,59.5754,`30000,`30000,l,,0.046800000000004616,False,False,0.5156999999999954,0,False
120.2622,60.0911,`00002,`00002,r,,0.5625,False,False,0.5625,1,True
120.3558,60.1379,`00003,`00003,r,,0.046800000000004616,False,False,0.5156999999999954,0,False
121.3872,60.6536,`00200,`00200,l,,0.5625,False,False,0.5625,1,True
121.4808,60.7004,`00300,`00300,l,,0.046800000000004616,False,False,0.5156999999999954,0,False
122.5122,61.2161,`00020,`00020,r,,0.5625,False,False,0.5625,1,True
122.6058,61.2629,`00030,`00030,r,,0.046800000000004616,False,False,0.5156999999999954,0,False
123.6372,61.7786,`02000,`02000,l,,0.5625,False,False,0.5625,1,True
123.7308,61.8254,`03000,`03000,l,,0.046800000000004616,False,False,0.5156999999999954,0,False
124.7622,62.3411,`00200,`00200,r,,0.5625,False,False,0.375,1,True
124.8558,62.3879,`00300,`00300,r,,0.046800000000004616,False,False,0.3281999999999954,0,False
125.5122,62.7161,`20000,`20000,l,,0.375,False,False,0.5625,1,True
125.6058,62.7629,`30000,`30000,l,,0.046800000000004616,False,False,0.5156999999999954,0,False
126.6372,63.2786,`00002,`00002,r,,0.5625,False,False,0.375,1,True
126.7308,63.3254,`00003,`00003,r,,0.046800000000004616,False,False,0.3281999999999954,0,False
127.3872,63.6536,`20002,`20002,lr,,0.375,False,False,5.473799999999997,2,False
129.71720000000002,64.8186,`30003,`30003,lr,,1.1650000000000063,False,False,4.308799999999991,0,False
138.3348,69.1274,`01000,`01000,l,,5.473799999999997,False,True,0.26080000000000325,1,False
138.8564,69.3882,`01000,`01000,l,,0.26080000000000325,True,False,0.26090000000000657,1,False
139.37820000000002,69.6491,`00010,`00010,r,,0.26090000000000657,False,True,0.26089999999999236,1,False
139.9,69.91,`00010,`00010,r,,0.26089999999999236,True,False,0.26080000000000325,1,False
140.4216,70.1708,`10000,`10000,l,,0.26080000000000325,False,False,0.13049999999999784,1,False
140.6826,70.3013,`00001,`00001,r,,0.13049999999999784,False,False,0.13040000000000873,1,False
140.94340000000005,70.4317,`10000,`10000,l,,0.13040000000000873,False,False,0.13039999999999452,1,False
141.2042,70.5621,`00001,`00001,r,,0.13039999999999452,False,False,0.13049999999999784,1,False
141.4652,70.6926,`01000,`01000,l,,0.13049999999999784,False,False,0.13039999999999452,1,False
141.726,70.823,`00010,`00010,r,,0.13039999999999452,False,False,0.13040000000000873,1,False
141.98680000000002,70.9534,`01000,`01000,l,,0.13040000000000873,False,False,0.13049999999999784,1,False
142.2478,71.0839,`00010,`00010,r,,0.13049999999999784,False,False,0.13039999999999452,1,False
142.5086,71.2143,`00200,`00200,l,,0.13039999999999452,False,False,1.0435000000000088,1,True
144.0738,71.9969,`00300,`00300,l,,0.7826000000000022,False,False,0.26090000000000657,0,False
144.59560000000002,72.2578,`20002,`20002,lr,,1.0435000000000088,False,False,1.0434999999999945,2,False
146.16080000000002,73.0404,`30003,`30003,lr,,0.7826000000000022,False,False,0.26089999999999236,0,False
146.6826,73.3013,`02000,`02000,l,,1.0434999999999945,False,False,0.13040000000000873,1,False
146.94340000000005,73.4317,`03100,`03100,lr,,0.13040000000000873,False,False,0.26089999999999236,1,False
147.4652,73.6926,`00020,`00020,r,,0.26089999999999236,False,False,0.13039999999999452,1,False
147.726,73.823,`00130,`00130,lr,,0.13039999999999452,False,False,0.26090000000000657,1,False
148.2478,74.0839,`20000,`20000,l,,0.26090000000000657,False,False,0.13039999999999452,1,False
148.5086,74.2143,`30100,`30100,lr,,0.13039999999999452,False,False,0.26090000000000657,1,False
149.0304,74.4752,`00002,`00002,r,,0.26090000000000657,False,False,0.13039999999999452,1,False
149.2912,74.6056,`00103,`00103,lr,,0.13039999999999452,False,False,0.26090000000000657,1,False
149.81300000000002,74.8665,`01010,`01010,lr,,0.26090000000000657,False,True,0.26089999999999236,2,False
150.3348,75.1274,`01010,`01010,lr,,0.26089999999999236,True,False,0.26080000000000325,2,False
150.8564,75.3882,`00002,`00002,r,,0.26080000000000325,False,False,0.13049999999999784,1,False
151.1174,75.5187,`00103,`00103,lr,,0.13049999999999784,False,False,0.26080000000000325,1,False
151.639,75.7795,`20000,`20000,l,,0.26080000000000325,False,False,0.13049999999999784,1,False
151.9,75.91,`30100,`30100,lr,,0.13049999999999784,False,False,0.26080000000000325,1,False
152.4216,76.1708,`00020,`00020,r,,0.26080000000000325,False,False,0.13049999999999784,1,False
152.6826,76.3013,`00130,`00130,lr,,0.13049999999999784,False,False,0.26080000000000325,1,False
153.2042,76.5621,`02000,`02000,l,,0.26080000000000325,False,False,0.13049999999999784,1,False
153.4652,76.6926,`03100,`03100,lr,,0.13049999999999784,False,False,0.26080000000000325,1,False
153.98680000000002,76.9534,`10001,`10001,lr,,0.26080000000000325,False,True,0.26089999999999236,2,False
154.5086,77.2143,`10001,`10001,lr,,0.26089999999999236,True,False,0.26090000000000657,2,False
155.0304,77.4752,`02100,`02100,lr,,0.26090000000000657,False,False,0.26089999999999236,2,False
155.16080000000002,77.5404,`03000,`03000,l,,0.06520000000000437,False,False,0.195699999999988,0,False
155.5522,77.7361,`00120,`00120,lr,,0.26089999999999236,False,False,0.26080000000000325,2,False
155.6826,77.8013,`00030,`00030,r,,0.06520000000000437,False,False,0.19559999999999889,0,False
156.0738,77.9969,`20100,`20100,lr,,0.26080000000000325,False,False,0.26090000000000657,2,False
156.2042,78.0621,`30000,`30000,l,,0.06520000000000437,False,False,0.1957000000000022,0,False
156.59560000000002,78.2578,`00102,`00102,lr,,0.26090000000000657,False,False,0.26089999999999236,2,False
156.726,78.323,`00003,`00003,r,,0.06519999999999015,False,False,0.1957000000000022,0,False
157.1174,78.5187,`01000,`01000,l,,0.26089999999999236,False,False,0.26080000000000325,1,False
157.639,78.7795,`02100,`02100,lr,,0.26080000000000325,False,False,0.26090000000000657,2,False
157.76960000000005,78.8448,`03000,`03000,l,,0.06530000000000769,False,False,0.19559999999999889,0,False
158.16080000000002,79.0404,`00120,`00120,lr,,0.26090000000000657,False,False,0.26089999999999236,2,False
158.2912,79.1056,`00030,`00030,r,,0.06519999999999015,False,False,0.1957000000000022,0,False
158.6826,79.3013,`20100,`20100,lr,,0.26089999999999236,False,False,0.26080000000000325,2,False
158.81300000000002,79.3665,`30000,`30000,l,,0.06520000000000437,False,False,0.19559999999999889,0,False
159.2042,79.5621,`00001,`00001,r,,0.26080000000000325,False,False,0.26089999999999236,1,False
159.726,79.823,`00102,`00102,lr,,0.26089999999999236,False,False,0.26090000000000657,2,False
159.8564,79.8882,`00003,`00003,r,,0.06520000000000437,False,False,0.1957000000000022,0,False
160.2478,80.0839,`01000,`01000,l,,0.26090000000000657,False,False,0.13039999999999452,1,False
160.5086,80.2143,`00010,`00010,r,,0.13039999999999452,False,False,0.26090000000000657,1,False
161.0304,80.4752,`20100,`20100,lr,,0.26090000000000657,False,False,0.26089999999999236,2,False
161.16080000000002,80.5404,`30000,`30000,l,,0.06520000000000437,False,False,0.195699999999988,0,False
161.5522,80.7361,`00010,`00010,r,,0.26089999999999236,False,False,0.13040000000000873,1,False
161.81300000000002,80.8665,`01000,`01000,l,,0.13040000000000873,False,False,0.26089999999999236,1,False
162.3348,81.1274,`00102,`00102,lr,,0.26089999999999236,False,False,0.26080000000000325,2,False
162.4652,81.1926,`00003,`00003,r,,0.06520000000000437,False,False,0.19559999999999889,0,False
162.8564,81.3882,`20100,`20100,lr,,0.26080000000000325,False,False,0.26090000000000657,2,False
162.98680000000002,81.4534,`30000,`30000,l,,0.06520000000000437,False,False,0.1957000000000022,0,False
163.37820000000002,81.6491,`01002,`01002,lr,,0.26090000000000657,False,False,0.26089999999999236,2,False
163.5086,81.7143,`00003,`00003,r,,0.06519999999999015,False,False,0.1957000000000022,0,False
163.9,81.91,`20010,`20010,lr,,0.26089999999999236,False,False,0.26080000000000325,2,False
164.0304,81.9752,`30000,`30000,l,,0.06520000000000437,False,False,0.19559999999999889,0,False
164.4216,82.1708,`00100,`00100,r,,0.26080000000000325,False,False,0.13049999999999784,1,False
164.6826,82.3013,`01000,`01000,l,,0.13049999999999784,False,False,0.26080000000000325,1,False
165.2042,82.5621,`02010,`02010,lr,,0.26080000000000325,False,False,0.3913000000000011,2,False
165.3348,82.6274,`03000,`03000,l,,0.06529999999999347,False,False,0.3260000000000076,0,False
165.98680000000002,82.9534,`00102,`00102,lr,,0.3913000000000011,False,False,0.26089999999999236,2,False
166.1174,83.0187,`00003,`00003,r,,0.06529999999999347,False,False,0.19559999999999889,0,False
166.5086,83.2143,`20100,`20100,lr,,0.26089999999999236,False,False,0.26090000000000657,2,False
166.639,83.2795,`30000,`30000,l,,0.06520000000000437,False,False,0.1957000000000022,0,False
167.0304,83.4752,`01020,`01020,lr,,0.26090000000000657,False,False,0.26089999999999236,2,False
167.16080000000002,83.5404,`00030,`00030,r,,0.06520000000000437,False,False,0.195699999999988,0,False
167.5522,83.7361,`02001,`02001,lr,,0.26089999999999236,False,False,0.26080000000000325,2,False
167.6826,83.8013,`03000,`03000,l,,0.06520000000000437,False,False,0.19559999999999889,0,False
168.0738,83.9969,`10020,`10020,lr,,0.26080000000000325,False,False,0.26090000000000657,2,False
168.2042,84.0621,`00030,`00030,r,,0.06520000000000437,False,False,0.1957000000000022,0,False
168.59560000000002,84.2578,`00100,`00100,l,,0.26090000000000657,False,False,0.13039999999999452,1,False
168.8564,84.3882,`00001,`00001,r,,0.13039999999999452,False,False,0.26090000000000657,1,False
169.37820000000002,84.6491,`10002,`10002,lr,,0.26090000000000657,False,False,0.26089999999999236,2,False
169.5086,84.7143,`00003,`00003,r,,0.06519999999999015,False,False,0.1957000000000022,0,False
169.9,84.91,`00100,`00100,l,,0.26089999999999236,False,False,0.13040000000000873,1,False
170.16080000000002,85.0404,`00010,`00010,r,,0.13040000000000873,False,False,0.13039999999999452,1,False
170.4216,85.1708,`01000,`01000,l,,0.13039999999999452,False,False,0.13049999999999784,1,False
170.6826,85.3013,`00200,`00200,r,,0.13049999999999784,False,False,0.5216999999999956,1,True
170.94340000000005,85.4317,`00300,`00300,r,,0.13040000000000873,False,False,0.3912999999999869,0,False
171.726,85.823,`20100,`20100,lr,,0.5216999999999956,False,False,0.26090000000000657,2,False
171.8564,85.8882,`30000,`30000,l,,0.06520000000000437,False,False,0.1957000000000022,0,False
172.2478,86.0839,`00102,`00102,lr,,0.26090000000000657,False,False,0.26090000000000657,2,False
172.37820000000002,86.1491,`00003,`00003,r,,0.06520000000000437,False,False,0.1957000000000022,0,False
172.76960000000005,86.3448,`02100,`02100,lr,,0.26090000000000657,False,False,0.26079999999998904,2,False
172.9,86.41,`03000,`03000,l,,0.06519999999999015,False,False,0.19559999999999889,0,False
173.2912,86.6056,`00120,`00120,lr,,0.26079999999998904,False,False,0.26090000000000657,2,False
173.4216,86.6708,`00030,`00030,r,,0.06520000000000437,False,False,0.1957000000000022,0,False
173.81300000000002,86.8665,`10000,`10000,l,,0.26090000000000657,False,False,0.26089999999999236,1,False
174.3348,87.1274,`20100,`20100,lr,,0.26089999999999236,False,False,0.26080000000000325,2,False
174.4652,87.1926,`30000,`30000,l,,0.06520000000000437,False,False,0.19559999999999889,0,False
174.8564,87.3882,`00102,`00102,lr,,0.26080000000000325,False,False,0.26090000000000657,2,False
174.98680000000002,87.4534,`00003,`00003,r,,0.06520000000000437,False,False,0.1957000000000022,0,False
175.37820000000002,87.6491,`02100,`02100,lr,,0.26090000000000657,False,False,0.26089999999999236,2,False
175.5086,87.7143,`03000,`03000,l,,0.06519999999999015,False,False,0.1957000000000022,0,False
175.9,87.91,`00010,`00010,r,,0.26089999999999236,False,False,0.26080000000000325,1,False
176.4216,88.1708,`00120,`00120,lr,,0.26080000000000325,False,False,0.26090000000000657,2,False
176.5522,88.2361,`00030,`00030,r,,0.06529999999999347,False,False,0.1956000000000131,0,False
176.94340000000005,88.4317,`10000,`10000,l,,0.26090000000000657,False,False,0.13039999999999452,1,False
177.2042,88.5621,`00001,`00001,r,,0.13039999999999452,False,False,0.26089999999999236,1,False
177.726,88.823,`02100,`02100,lr,,0.26089999999999236,False,False,0.26090000000000657,2,False
177.8564,88.8882,`03000,`03000,l,,0.06520000000000437,False,False,0.1957000000000022,0,False
178.2478,89.0839,`00010,`00010,r,,0.26090000000000657,False,False,0.13039999999999452,1,False
178.5086,89.2143,`00100,`00100,l,,0.13039999999999452,False,False,0.13050000000001205,1,False
178.76960000000005,89.3448,`00002,`00002,r,,0.13050000000001205,False,False,0.26079999999998904,1,True
179.0304,89.4752,`00003,`00003,r,,0.13039999999999452,False,False,0.13039999999999452,0,False
179.2912,89.6056,`10000,`10000,l,,0.26079999999998904,False,False,0.13049999999999784,1,False
179.5522,89.7361,`00100,`00100,r,,0.13049999999999784,False,False,0.13040000000000873,1,False
179.81300000000002,89.8665,`01000,`01000,l,,0.13040000000000873,False,False,0.13039999999999452,1,False
180.0738,89.9969,`02010,`02010,lr,,0.13039999999999452,False,True,0.26090000000000657,2,False
180.2042,90.0621,`03000,`03000,l,,0.06520000000000437,False,False,0.1957000000000022,0,False
180.5956,90.2578,`01020,`01020,lr,,0.26090000000000657,True,False,0.26089999999999236,2,False
180.726,90.323,`00030,`00030,r,,0.06519999999999015,False,False,0.1957000000000022,0,False
181.1174,90.5187,`00100,`00100,l,,0.26089999999999236,False,False,0.13040000000000873,1,False
181.3782,90.6491,`00001,`00001,r,,0.13040000000000873,False,False,0.13039999999999452,1,False
181.639,90.7795,`10000,`10000,l,,0.13039999999999452,False,False,0.13049999999999784,1,False
181.9,90.91,`00200,`00200,r,,0.13049999999999784,False,False,0.13040000000000873,1,False
182.1608,91.0404,`01300,`01300,lr,,0.13040000000000873,False,False,0.26089999999999236,1,False
182.6826,91.3013,`20010,`20010,lr,,0.26089999999999236,False,False,0.26080000000000325,2,False
182.813,91.3665,`30000,`30000,l,,0.06520000000000437,False,False,0.19559999999999889,0,False
183.2042,91.5621,`01002,`01002,lr,,0.26080000000000325,False,False,0.26089999999999236,2,False
183.3348,91.6274,`00003,`00003,r,,0.06529999999999347,False,False,0.19559999999999889,0,False
183.726,91.823,`20100,`20100,lr,,0.26089999999999236,False,False,0.26090000000000657,2,False
183.8564,91.8882,`30000,`30000,l,,0.06520000000000437,False,False,0.1957000000000022,0,False
184.2478,92.0839,`00001,`00001,r,,0.26090000000000657,False,False,0.26090000000000657,1,False
184.76960000000005,92.3448,`00102,`00102,lr,,0.26090000000000657,False,False,0.26079999999998904,2,False
184.9,92.41,`00003,`00003,r,,0.06519999999999015,False,False,0.19559999999999889,0,False
185.2912,92.6056,`01000,`01000,l,,0.26079999999998904,False,False,0.13049999999999784,1,False
185.5522,92.7361,`00010,`00010,r,,0.13049999999999784,False,False,0.13040000000000873,1,False
185.813,92.8665,`00100,`00100,l,,0.13040000000000873,False,False,0.13039999999999452,1,False
186.0738,92.9969,`00001,`00001,r,,0.13039999999999452,False,False,0.13049999999999784,1,False
186.3348,93.1274,`20002,`20002,lr,,0.13049999999999784,False,False,1.0434000000000054,2,False
187.9,93.91,`30003,`30003,lr,,0.7826000000000022,False,False,0.26080000000000325,0,False
188.4216,94.1708,`00001,`00001,r,,1.0434000000000054,False,False,0.13049999999999784,1,False
188.6826,94.3013,`10000,`10000,l,,0.13049999999999784,False,False,0.13040000000000873,1,False
188.94340000000005,94.4317,`00010,`00010,r,,0.13040000000000873,False,False,0.13039999999999452,1,False
189.2042,94.5621,`00100,`00100,l,,0.13039999999999452,False,False,0.13049999999999784,1,False
189.4652,94.6926,`00001,`00001,r,,0.13049999999999784,False,False,0.13039999999999452,1,False
189.726,94.823,`00010,`00010,l,,0.13039999999999452,False,False,0.13040000000000873,1,False
189.9868,94.9534,`00100,`00100,r,,0.13040000000000873,False,False,0.13049999999999784,1,False
190.2478,95.0839,`02000,`02000,l,,0.13049999999999784,False,False,0.26090000000000657,1,True
190.5086,95.2143,`03000,`03000,l,,0.13039999999999452,False,False,0.13050000000001205,0,False
190.76960000000005,95.3448,`00010,`00010,r,,0.26090000000000657,False,False,0.13039999999999452,1,False
191.0304,95.4752,`01000,`01000,l,,0.13039999999999452,False,False,0.13039999999999452,1,False
191.2912,95.6056,`00100,`00100,r,,0.13039999999999452,False,False,0.13049999999999784,1,False
191.5522,95.7361,`10000,`10000,l,,0.13049999999999784,False,False,0.13040000000000873,1,False
191.813,95.8665,`01000,`01000,r,,0.13040000000000873,False,False,0.13039999999999452,1,False
192.0738,95.9969,`00100,`00100,l,,0.13039999999999452,False,False,0.13049999999999784,1,False
192.3348,96.1274,`00010,`00010,r,,0.13049999999999784,False,False,0.13040000000000873,1,False
192.5956,96.2578,`01000,`01000,l,,0.13040000000000873,False,False,0.13039999999999452,1,False
192.8564,96.3882,`00001,`00001,r,,0.13039999999999452,False,False,0.13049999999999784,1,False
193.1174,96.5187,`00100,`00100,l,,0.13049999999999784,False,False,0.13040000000000873,1,False
193.3782,96.6491,`00010,`00010,r,,0.13040000000000873,False,False,0.13039999999999452,1,False
193.639,96.7795,`01000,`01000,l,,0.13039999999999452,False,False,0.13049999999999784,1,False
193.9,96.91,`10000,`10000,r,,0.13049999999999784,False,False,0.13040000000000873,1,False
194.1608,97.0404,`00100,`00100,l,,0.13040000000000873,False,False,0.13039999999999452,1,False
194.4216,97.1708,`00002,`00002,r,,0.13039999999999452,False,False,0.26090000000000657,1,True
194.6826,97.3013,`00003,`00003,r,,0.13049999999999784,False,False,0.13040000000000873,0,False
194.94340000000005,97.4317,`01000,`01000,l,,0.26090000000000657,False,False,0.13039999999999452,1,False
195.2042,97.5621,`00010,`00010,r,,0.13039999999999452,False,False,0.13049999999999784,1,False
195.4652,97.6926,`00100,`00100,l,,0.13049999999999784,False,False,0.13039999999999452,1,False
195.726,97.823,`00001,`00001,r,,0.13039999999999452,False,False,0.13040000000000873,1,False
195.9868,97.9534,`10000,`10000,l,,0.13040000000000873,False,False,0.13049999999999784,1,False
196.2478,98.0839,`00100,`00100,r,,0.13049999999999784,False,False,0.13039999999999452,1,False
196.5086,98.2143,`01000,`01000,l,,0.13039999999999452,False,False,0.13050000000001205,1,False
196.76960000000005,98.3448,`00020,`00020,r,,0.13050000000001205,False,False,0.26079999999998904,1,True
197.0304,98.4752,`00030,`00030,r,,0.13039999999999452,False,False,0.13039999999999452,0,False
197.2912,98.6056,`00100,`00100,l,,0.26079999999998904,False,False,0.13049999999999784,1,False
197.5522,98.7361,`01000,`01000,r,,0.13049999999999784,False,False,0.13040000000000873,1,False
197.813,98.8665,`10000,`10000,l,,0.13040000000000873,False,False,0.13039999999999452,1,False
198.0738,98.9969,`00100,`00100,r,,0.13039999999999452,False,False,0.13049999999999784,1,False
198.3348,99.1274,`01000,`01000,l,,0.13049999999999784,False,False,0.13040000000000873,1,False
198.5956,99.2578,`00002,`00002,r,,0.13040000000000873,False,False,0.26089999999999236,1,True
198.8564,99.3882,`00003,`00003,r,,0.13039999999999452,False,False,0.13049999999999784,0,False
199.1174,99.5187,`00010,`00010,l,,0.26089999999999236,False,False,0.13040000000000873,1,False
199.3782,99.6491,`00001,`00001,r,,0.13040000000000873,False,False,0.13039999999999452,1,False
199.639,99.7795,`00100,`00100,l,,0.13039999999999452,False,False,0.13049999999999784,1,False
199.9,99.91,`00010,`00010,r,,0.13049999999999784,False,False,0.13040000000000873,1,False
200.1608,100.0404,`00001,`00001,l,,0.13040000000000873,False,False,0.13039999999999452,1,False
200.4216,100.1708,`00100,`00100,r,,0.13039999999999452,False,False,0.13049999999999784,1,False
200.6826,100.3013,`10000,`10000,l,,0.13049999999999784,False,False,0.13040000000000873,1,False
200.94340000000005,100.4317,`00001,`00001,r,,0.13040000000000873,False,False,0.13039999999999452,1,False
201.2042,100.5621,`00100,`00100,l,,0.13039999999999452,False,False,0.13049999999999784,1,False
201.4652,100.6926,`10000,`10000,r,,0.13049999999999784,False,False,0.13039999999999452,1,False
201.726,100.823,`01000,`01000,l,,0.13039999999999452,False,False,0.13040000000000873,1,False
201.9868,100.9534,`00100,`00100,r,,0.13040000000000873,False,False,0.13049999999999784,1,False
202.2478,101.0839,`10000,`10000,l,,0.13049999999999784,False,False,0.13039999999999452,1,False
202.5086,101.2143,`01000,`01000,r,,0.13039999999999452,False,False,0.13050000000001205,1,False
202.76960000000005,101.3448,`00200,`00200,l,,0.13050000000001205,False,False,0.26079999999998904,1,True
203.0304,101.4752,`00300,`00300,l,,0.13039999999999452,False,False,0.13039999999999452,0,False
203.2912,101.6056,`00010,`00010,r,,0.26079999999998904,False,False,0.13049999999999784,1,False
203.5522,101.7361,`01000,`01000,l,,0.13049999999999784,False,False,0.13040000000000873,1,False
203.813,101.8665,`00010,`00010,r,,0.13040000000000873,False,False,0.13039999999999452,1,False
204.0738,101.9969,`00100,`00100,l,,0.13039999999999452,False,False,0.13049999999999784,1,False
204.3348,102.1274,`00001,`00001,r,,0.13049999999999784,False,False,0.13040000000000873,1,False
204.5956,102.2578,`20000,`20000,l,,0.13040000000000873,False,False,0.26089999999999236,1,True
204.8564,102.3882,`30000,`30000,l,,0.13039999999999452,False,False,0.13049999999999784,0,False
205.1174,102.5187,`00100,`00100,r,,0.26089999999999236,False,False,0.13040000000000873,1,False
205.3782,102.6491,`01000,`01000,l,,0.13040000000000873,False,False,0.13039999999999452,1,False
205.639,102.7795,`00010,`00010,r,,0.13039999999999452,False,False,0.13049999999999784,1,False
205.9,102.91,`01000,`01000,l,,0.13049999999999784,False,False,0.13040000000000873,1,False
206.1608,103.0404,`00100,`00100,r,,0.13040000000000873,False,False,0.13039999999999452,1,False
206.4216,103.1708,`00010,`00010,l,,0.13039999999999452,False,False,0.13049999999999784,1,False
206.6826,103.3013,`00001,`00001,r,,0.13049999999999784,False,False,0.13040000000000873,1,False
206.94340000000005,103.4317,`00200,`00200,l,,0.13040000000000873,False,False,0.26089999999999236,1,True
207.2042,103.5621,`00300,`00300,l,,0.13039999999999452,False,False,0.13049999999999784,0,False
207.4652,103.6926,`00010,`00010,r,,0.26089999999999236,False,False,0.13039999999999452,1,False
207.726,103.823,`01000,`01000,l,,0.13039999999999452,False,False,0.13040000000000873,1,False
207.9868,103.9534,`00010,`00010,r,,0.13040000000000873,False,False,0.13049999999999784,1,False
208.2478,104.0839,`00100,`00100,l,,0.13049999999999784,False,False,0.13039999999999452,1,False
208.5086,104.2143,`01000,`01000,r,,0.13039999999999452,False,False,0.13050000000001205,1,False
208.76960000000005,104.3448,`10000,`10000,l,,0.13050000000001205,False,False,0.13039999999999452,1,False
209.0304,104.4752,`00100,`00100,r,,0.13039999999999452,False,False,0.13039999999999452,1,False
209.2912,104.6056,`01010,`01010,lr,,0.13039999999999452,False,False,0.26090000000000657,2,False
209.813,104.8665,`10000,`10000,l,,0.26090000000000657,False,False,0.13039999999999452,1,False
210.0738,104.9969,`00100,`00100,r,,0.13039999999999452,False,False,0.13049999999999784,1,False
210.3348,105.1274,`10000,`10000,l,,0.13049999999999784,False,False,0.08689999999999998,1,False
210.5086,105.2143,`00001,`00001,r,,0.08689999999999998,False,False,0.0870000000000033,1,False
210.6826,105.3013,`00100,`00100,l,,0.0870000000000033,False,False,0.08689999999999998,1,False
210.8564,105.3882,`00020,`00020,r,,0.08689999999999998,False,False,0.13049999999999784,1,True
210.9868,105.4534,`00030,`00030,r,,0.06520000000000437,False,False,0.06529999999999347,0,False
211.1174,105.5187,`02000,`02000,l,,0.13049999999999784,False,False,0.13040000000000873,1,True
211.2478,105.5839,`03000,`03000,l,,0.06520000000000437,False,False,0.06520000000000437,0,False
211.3782,105.6491,`00001,`00001,r,,0.13040000000000873,False,False,0.09779999999999234,1,False
211.5738,105.7469,`00100,`00100,l,,0.09779999999999234,False,False,0.09790000000000987,1,False
211.76960000000005,105.8448,`00001,`00001,r,,0.09790000000000987,False,False,0.06519999999999015,1,False
211.9,105.91,`10000,`10000,l,,0.06519999999999015,False,False,0.09780000000000655,1,False
212.0956,106.0078,`00100,`00100,r,,0.09780000000000655,False,False,0.09779999999999234,1,False
212.2912,106.1056,`10000,`10000,l,,0.09779999999999234,False,False,0.06520000000000437,1,False
212.4216,106.1708,`00200,`00200,r,,0.06520000000000437,False,False,0.26090000000000657,1,True
212.6826,106.3013,`00300,`00300,r,,0.13049999999999784,False,False,0.13040000000000873,0,False
212.94340000000005,106.4317,`02000,`02000,l,,0.26090000000000657,False,False,0.13039999999999452,1,True
213.0738,106.4969,`03000,`03000,l,,0.06519999999999015,False,False,0.06520000000000437,0,False
213.2042,106.5621,`00020,`00020,r,,0.13039999999999452,False,False,0.13049999999999784,1,True
213.3348,106.6274,`00030,`00030,r,,0.06529999999999347,False,False,0.06520000000000437,0,False
213.4652,106.6926,`10000,`10000,l,,0.13049999999999784,False,False,0.13039999999999452,1,False
213.726,106.823,`01000,`01000,r,,0.13039999999999452,False,False,0.13040000000000873,1,False
213.9868,106.9534,`00100,`00100,l,,0.13040000000000873,False,False,0.13049999999999784,1,False
214.2478,107.0839,`00010,`00010,r,,0.13049999999999784,False,False,0.13039999999999452,1,False
214.5086,107.2143,`01000,`01000,l,,0.13039999999999452,False,False,0.13050000000001205,1,False
214.76960000000005,107.3448,`00100,`00100,r,,0.13050000000001205,False,False,0.13039999999999452,1,False
215.0304,107.4752,`10000,`10000,l,,0.13039999999999452,False,False,0.13039999999999452,1,False
215.2912,107.6056,`00001,`00001,r,,0.13039999999999452,False,False,0.13049999999999784,1,False
215.5522,107.7361,`00010,`00010,l,,0.13049999999999784,False,False,0.13040000000000873,1,False
215.813,107.8665,`00100,`00100,r,,0.13040000000000873,False,False,0.13039999999999452,1,False
216.0738,107.9969,`01000,`01000,l,,0.13039999999999452,False,False,0.13049999999999784,1,False
216.3348,108.1274,`00010,`00010,r,,0.13049999999999784,False,False,0.13040000000000873,1,False
216.5956,108.2578,`00100,`00100,l,,0.13040000000000873,False,False,0.13039999999999452,1,False
216.8564,108.3882,`00001,`00001,r,,0.13039999999999452,False,False,0.13049999999999784,1,False
217.1174,108.5187,`10000,`10000,l,,0.13049999999999784,False,False,0.13040000000000873,1,False
217.3782,108.6491,`00100,`00100,r,,0.13040000000000873,False,False,0.13039999999999452,1,False
217.639,108.7795,`01000,`01000,l,,0.13039999999999452,False,False,0.13049999999999784,1,False
217.9,108.91,`10000,`10000,r,,0.13049999999999784,False,False,0.13040000000000873,1,False
218.1608,109.0404,`00010,`00010,l,,0.13040000000000873,False,False,0.13039999999999452,1,False
218.4216,109.1708,`00001,`00001,r,,0.13039999999999452,False,False,0.13049999999999784,1,False
218.6826,109.3013,`00100,`00100,l,,0.13049999999999784,False,False,0.13040000000000873,1,False
218.94340000000005,109.4317,`00010,`00010,r,,0.13040000000000873,False,False,0.13039999999999452,1,False
219.2042,109.5621,`01000,`01000,l,,0.13039999999999452,False,False,0.13049999999999784,1,False
219.4652,109.6926,`02020,`02020,lr,,0.13049999999999784,False,False,1.625,2,False
221.7152,110.8176,`03030,`03030,lr,,1.125,False,False,0.5,0,False
222.7152,111.3176,`10000,`10000,r,,1.625,False,False,0.125,1,False
222.9652,111.4426,`01000,`01000,l,,0.125,False,False,0.125,1,False
223.2152,111.5676,`00100,`00100,r,,0.125,False,False,0.125,1,False
223.4652,111.6926,`00010,`00010,l,,0.125,False,False,0.125,1,False
223.7152,111.8176,`00002,`00002,r,,0.125,False,True,0.5,1,True
223.9652,111.9426,`00003,`00003,r,,0.125,False,False,0.375,0,False
224.7152,112.3176,`00001,`00001,r,,0.5,True,False,0.125,1,False
224.9652,112.4426,`00010,`00010,r,,0.125,False,False,0.125,1,False
225.2152,112.5676,`00100,`00100,l,,0.125,False,False,0.125,1,False
225.4652,112.6926,`01000,`01000,r,,0.125,False,False,0.125,1,False
225.7152,112.8176,`10000,`10000,l,,0.125,False,False,0.125,1,False
225.9652,112.9426,`00100,`00100,r,,0.125,False,False,0.125,1,False
226.2152,113.0676,`01000,`01000,l,,0.125,False,True,0.125,1,False
226.4652,113.1926,`01000,`01000,l,,0.125,True,False,0.125,1,False
226.7152,113.3176,`00001,`00001,r,,0.125,False,False,0.125,1,False
226.9652,113.4426,`00100,`00100,l,,0.125,False,False,0.125,1,False
227.2152,113.5676,`00010,`00010,r,,0.125,False,True,0.125,1,False
227.4652,113.6926,`00010,`00010,r,,0.125,True,False,0.125,1,False
227.7152,113.8176,`01000,`01000,l,,0.125,False,False,0.125,1,False
227.9652,113.9426,`00100,`00100,r,,0.125,False,False,0.125,1,False
228.2152,114.0676,`10000,`10000,l,,0.125,False,True,0.125,1,False
228.4652,114.1926,`10000,`10000,l,,0.125,True,False,0.125,1,False
228.7152,114.3176,`00010,`00010,r,,0.125,False,False,0.125,1,False
228.9652,114.4426,`00100,`00100,l,,0.125,False,False,0.125,1,False
229.2152,114.5676,`00001,`00001,r,,0.125,False,True,0.125,1,False
229.4652,114.6926,`00001,`00001,r,,0.125,True,False,0.125,1,False
229.7152,114.8176,`20002,`20002,lr,,0.125,False,False,0.5,2,False
230.2152,115.0676,`30003,`30003,lr,,0.25,False,False,0.25,0,False
230.7152,115.3176,`00001,`00001,r,,0.5,False,False,0.125,1,False
230.9652,115.4426,`00010,`00010,l,,0.125,False,False,0.125,1,False
231.2152,115.5676,`00100,`00100,r,,0.125,False,False,0.125,1,False
231.4652,115.6926,`01000,`01000,l,,0.125,False,False,0.125,1,False
231.7152,115.8176,`20000,`20000,r,,0.125,False,True,0.5,1,True
231.9652,115.9426,`30000,`30000,r,,0.125,False,False,0.375,0,False
232.7152,116.3176,`10000,`10000,r,,0.5,True,False,0.125,1,False
232.9652,116.4426,`01000,`01000,l,,0.125,False,False,0.125,1,False
233.2152,116.5676,`00100,`00100,r,,0.125,False,False,0.125,1,False
233.4652,116.6926,`00010,`00010,l,,0.125,False,False,0.125,1,False
233.7152,116.8176,`00001,`00001,r,,0.125,False,True,0.125,1,False
233.9652,116.9426,`00001,`00001,r,,0.125,True,False,0.125,1,False
234.2152,117.0676,`01000,`01000,l,,0.125,False,True,0.125,1,False
234.4652,117.1926,`01000,`01000,l,,0.125,True,False,0.125,1,False
234.7152,117.3176,`00010,`00010,r,,0.125,False,True,0.125,1,False
234.9652,117.4426,`00010,`00010,r,,0.125,True,False,0.125,1,False
235.2152,117.5676,`10000,`10000,l,,0.125,False,True,0.125,1,False
235.4652,117.6926,`10000,`10000,l,,0.125,True,False,0.125,1,False
235.7152,117.8176,`00200,`00200,r,,0.125,False,False,0.125,1,True
235.8402,117.8801,`00300,`00300,r,,0.0625,False,False,0.0625,0,False
235.9652,117.9426,`02000,`02000,l,,0.125,False,False,0.125,1,True
236.0902,118.0051,`03000,`03000,l,,0.0625,False,False,0.0625,0,False
236.2152,118.0676,`00200,`00200,r,,0.125,False,False,0.125,1,True
236.3402,118.1301,`00300,`00300,r,,0.0625,False,False,0.0625,0,False
236.4652,118.1926,`00020,`00020,l,,0.125,False,False,0.125,1,True
236.5902,118.2551,`00030,`00030,l,,0.0625,False,False,0.0625,0,False
236.7152,118.3176,`00200,`00200,r,,0.125,False,False,0.125,1,True
236.8402,118.3801,`00300,`00300,r,,0.0625,False,False,0.0625,0,False
236.9652,118.4426,`02000,`02000,l,,0.125,False,False,0.125,1,True
237.0902,118.5051,`03000,`03000,l,,0.0625,False,False,0.0625,0,False
237.2152,118.5676,`00200,`00200,r,,0.125,False,False,0.125,1,True
237.3402,118.6301,`00300,`00300,r,,0.0625,False,False,0.0625,0,False
237.4652,118.6926,`20000,`20000,l,,0.125,False,False,0.125,1,False
237.7152,118.8176,`30001,`30001,lr,,0.125,False,False,0.5,1,False
238.7152,119.3176,`02020,`02020,lr,,0.5,False,False,-1.0,2,False
245.7152,122.8176,`03030,`03030,lr,,3.5,False,False,-1.0,0,False
